jss_1-01-english-studies.pdf	jss_1	JSS 1	English Studies	https://lmis.nerdcportals.com.ng/jss_1/necurrdc/1.pdf
jss_1-02-mathematics.pdf	jss_1	JSS 1	Mathematics	https://lmis.nerdcportals.com.ng/jss_1/necurrdc/2.pdf
jss_1-03-hausa-language.pdf	jss_1	JSS 1	Hausa Language	https://lmis.nerdcportals.com.ng/jss_1/necurrdc/3.pdf
jss_1-04-igbo-language.pdf	jss_1	JSS 1	Igbo Language	https://lmis.nerdcportals.com.ng/jss_1/necurrdc/4.pdf
jss_1-05-yoruba-language.pdf	jss_1	JSS 1	Yoruba Language	https://lmis.nerdcportals.com.ng/jss_1/necurrdc/5.pdf
jss_1-06-physical-and-health-education.pdf	jss_1	JSS 1	Physical and Health Education	https://lmis.nerdcportals.com.ng/jss_1/necurrdc/6.pdf
jss_1-07-christian-religious-studies.pdf	jss_1	JSS 1	Christian Religious Studies	https://lmis.nerdcportals.com.ng/jss_1/necurrdc/7.pdf
jss_1-08-islamic-studies.pdf	jss_1	JSS 1	Islamic Studies	https://lmis.nerdcportals.com.ng/jss_1/necurrdc/8.pdf
jss_1-09-nigerian-history.pdf	jss_1	JSS 1	Nigerian History	https://lmis.nerdcportals.com.ng/jss_1/necurrdc/9.pdf
jss_1-10-social-and-citizenship-studies.pdf	jss_1	JSS 1	Social and Citizenship Studies	https://lmis.nerdcportals.com.ng/jss_1/necurrdc/10.pdf
jss_1-11-cultural-and-creative-arts-cca.pdf	jss_1	JSS 1	Cultural and Creative Arts (CCA)	https://lmis.nerdcportals.com.ng/jss_1/necurrdc/11.pdf
jss_1-12-arabic-language.pdf	jss_1	JSS 1	Arabic Language	https://lmis.nerdcportals.com.ng/jss_1/necurrdc/12.pdf
jss_1-13-french.pdf	jss_1	JSS 1	French	https://lmis.nerdcportals.com.ng/jss_1/necurrdc/13.pdf
jss_1-14-intermediate-science.pdf	jss_1	JSS 1	Intermediate Science	https://lmis.nerdcportals.com.ng/jss_1/necurrdc/14.pdf
jss_1-15-digital-technologies.pdf	jss_1	JSS 1	Digital Technologies	https://lmis.nerdcportals.com.ng/jss_1/necurrdc/15.pdf
jss_1-16-business-studies.pdf	jss_1	JSS 1	Business Studies	https://lmis.nerdcportals.com.ng/jss_1/necurrdc/16.pdf
jss_2-01-english-studies.pdf	jss_2	JSS 2	English Studies	https://lmis.nerdcportals.com.ng/jss_2/necurrdc/1.pdf
jss_2-02-mathematics.pdf	jss_2	JSS 2	Mathematics	https://lmis.nerdcportals.com.ng/jss_2/necurrdc/2.pdf
jss_2-03-yoruba-language.pdf	jss_2	JSS 2	Yoruba Language	https://lmis.nerdcportals.com.ng/jss_2/necurrdc/5.pdf
jss_2-04-physical-and-health-education.pdf	jss_2	JSS 2	Physical and Health Education	https://lmis.nerdcportals.com.ng/jss_2/necurrdc/6.pdf
jss_2-05-christian-religious-studies.pdf	jss_2	JSS 2	Christian Religious Studies	https://lmis.nerdcportals.com.ng/jss_2/necurrdc/7.pdf
jss_2-06-islamic-studies.pdf	jss_2	JSS 2	Islamic Studies	https://lmis.nerdcportals.com.ng/jss_2/necurrdc/8.pdf
jss_2-07-nigerian-history.pdf	jss_2	JSS 2	Nigerian History	https://lmis.nerdcportals.com.ng/jss_2/necurrdc/9.pdf
jss_2-08-cultural-and-creative-arts-cca.pdf	jss_2	JSS 2	Cultural and Creative Arts (CCA)	https://lmis.nerdcportals.com.ng/jss_2/necurrdc/11.pdf
jss_2-09-digital-technologies.pdf	jss_2	JSS 2	Digital Technologies	https://lmis.nerdcportals.com.ng/jss_2/necurrdc/15.pdf
jss_2-10-business-studies.pdf	jss_2	JSS 2	Business Studies	https://lmis.nerdcportals.com.ng/jss_2/necurrdc/16.pdf
pry_1-01-english-studies.pdf	pry_1	Primary 1	English Studies	https://lmis.nerdcportals.com.ng/pry_1/necurrdc/1.pdf
pry_1-02-mathematics.pdf	pry_1	Primary 1	Mathematics	https://lmis.nerdcportals.com.ng/pry_1/necurrdc/2.pdf
pry_1-03-hausa-language.pdf	pry_1	Primary 1	Hausa Language	https://lmis.nerdcportals.com.ng/pry_1/necurrdc/3.pdf
pry_1-04-igbo-language.pdf	pry_1	Primary 1	Igbo Language	https://lmis.nerdcportals.com.ng/pry_1/necurrdc/4.pdf
pry_1-05-yoruba-language.pdf	pry_1	Primary 1	Yoruba Language	https://lmis.nerdcportals.com.ng/pry_1/necurrdc/5.pdf
pry_1-06-basic-science.pdf	pry_1	Primary 1	Basic Science	https://lmis.nerdcportals.com.ng/pry_1/necurrdc/6.pdf
pry_1-07-physical-and-health-education.pdf	pry_1	Primary 1	Physical and Health Education	https://lmis.nerdcportals.com.ng/pry_1/necurrdc/7.pdf
pry_1-08-christian-religious-studies.pdf	pry_1	Primary 1	Christian Religious Studies	https://lmis.nerdcportals.com.ng/pry_1/necurrdc/8.pdf
pry_1-09-islamic-studies.pdf	pry_1	Primary 1	Islamic Studies	https://lmis.nerdcportals.com.ng/pry_1/necurrdc/9.pdf
pry_1-10-nigerian-history.pdf	pry_1	Primary 1	Nigerian History	https://lmis.nerdcportals.com.ng/pry_1/necurrdc/10.pdf
pry_1-11-social-and-citizenship-studies.pdf	pry_1	Primary 1	Social and Citizenship Studies	https://lmis.nerdcportals.com.ng/pry_1/necurrdc/11.pdf
pry_1-12-cultural-and-creative-arts-cca.pdf	pry_1	Primary 1	Cultural and Creative Arts (CCA)	https://lmis.nerdcportals.com.ng/pry_1/necurrdc/12.pdf
pry_1-13-arabic-language.pdf	pry_1	Primary 1	Arabic Language	https://lmis.nerdcportals.com.ng/pry_1/necurrdc/13.pdf
pry_2-01-english-studies.pdf	pry_2	Primary 2	English Studies	https://lmis.nerdcportals.com.ng/pry_2/necurrdc/1.pdf
pry_2-02-mathematics.pdf	pry_2	Primary 2	Mathematics	https://lmis.nerdcportals.com.ng/pry_2/necurrdc/2.pdf
pry_2-03-hausa-language.pdf	pry_2	Primary 2	Hausa Language	https://lmis.nerdcportals.com.ng/pry_2/necurrdc/3.pdf
pry_2-04-igbo-language.pdf	pry_2	Primary 2	Igbo Language	https://lmis.nerdcportals.com.ng/pry_2/necurrdc/4.pdf
pry_2-05-yoruba-language.pdf	pry_2	Primary 2	Yoruba Language	https://lmis.nerdcportals.com.ng/pry_2/necurrdc/5.pdf
pry_2-06-basic-science.pdf	pry_2	Primary 2	Basic Science	https://lmis.nerdcportals.com.ng/pry_2/necurrdc/6.pdf
pry_2-07-physical-and-health-education.pdf	pry_2	Primary 2	Physical and Health Education	https://lmis.nerdcportals.com.ng/pry_2/necurrdc/7.pdf
pry_2-08-christian-religious-studies.pdf	pry_2	Primary 2	Christian Religious Studies	https://lmis.nerdcportals.com.ng/pry_2/necurrdc/8.pdf
pry_2-09-islamic-studies.pdf	pry_2	Primary 2	Islamic Studies	https://lmis.nerdcportals.com.ng/pry_2/necurrdc/9.pdf
pry_2-10-nigerian-history.pdf	pry_2	Primary 2	Nigerian History	https://lmis.nerdcportals.com.ng/pry_2/necurrdc/10.pdf
pry_2-11-social-and-citizenship-studies.pdf	pry_2	Primary 2	Social and Citizenship Studies	https://lmis.nerdcportals.com.ng/pry_2/necurrdc/11.pdf
pry_2-12-cultural-and-creative-arts-cca.pdf	pry_2	Primary 2	Cultural and Creative Arts (CCA)	https://lmis.nerdcportals.com.ng/pry_2/necurrdc/12.pdf
pry_4-01-english-studies.pdf	pry_4	Primary 4	English Studies	https://lmis.nerdcportals.com.ng/pry_4/necurrdc/1.pdf
pry_4-02-mathematics.pdf	pry_4	Primary 4	Mathematics	https://lmis.nerdcportals.com.ng/pry_4/necurrdc/2.pdf
pry_4-03-hausa-language.pdf	pry_4	Primary 4	Hausa Language	https://lmis.nerdcportals.com.ng/pry_4/necurrdc/3.pdf
pry_4-04-igbo-language.pdf	pry_4	Primary 4	Igbo Language	https://lmis.nerdcportals.com.ng/pry_4/necurrdc/4.pdf
pry_4-05-yoruba-language.pdf	pry_4	Primary 4	Yoruba Language	https://lmis.nerdcportals.com.ng/pry_4/necurrdc/5.pdf
pry_4-06-basic-science-and-technology.pdf	pry_4	Primary 4	Basic Science and Technology	https://lmis.nerdcportals.com.ng/pry_4/necurrdc/6.pdf
pry_4-07-physical-and-health-education.pdf	pry_4	Primary 4	Physical and Health Education	https://lmis.nerdcportals.com.ng/pry_4/necurrdc/7.pdf
pry_4-08-christian-religious-studies.pdf	pry_4	Primary 4	Christian Religious Studies	https://lmis.nerdcportals.com.ng/pry_4/necurrdc/8.pdf
pry_4-09-islamic-studies.pdf	pry_4	Primary 4	Islamic Studies	https://lmis.nerdcportals.com.ng/pry_4/necurrdc/9.pdf
pry_4-10-nigerian-history.pdf	pry_4	Primary 4	Nigerian History	https://lmis.nerdcportals.com.ng/pry_4/necurrdc/10.pdf
pry_4-11-social-and-citizenship-studies.pdf	pry_4	Primary 4	Social and Citizenship Studies	https://lmis.nerdcportals.com.ng/pry_4/necurrdc/11.pdf
pry_4-12-cultural-and-creative-arts-cca.pdf	pry_4	Primary 4	Cultural and Creative Arts (CCA)	https://lmis.nerdcportals.com.ng/pry_4/necurrdc/12.pdf
pry_4-13-arabic-language.pdf	pry_4	Primary 4	Arabic Language	https://lmis.nerdcportals.com.ng/pry_4/necurrdc/13.pdf
pry_4-14-basic-digital-literacy.pdf	pry_4	Primary 4	Basic Digital Literacy	https://lmis.nerdcportals.com.ng/pry_4/necurrdc/14.pdf
pry_4-15-pre-vocational-studies.pdf	pry_4	Primary 4	Pre-vocational Studies	https://lmis.nerdcportals.com.ng/pry_4/necurrdc/15.pdf
pry_4-16-french.pdf	pry_4	Primary 4	French	https://lmis.nerdcportals.com.ng/pry_4/necurrdc/16.pdf
pry_5-01-english-studies.pdf	pry_5	Primary 5	English Studies	https://lmis.nerdcportals.com.ng/pry_5/necurrdc/1.pdf
pry_5-02-hausa-language.pdf	pry_5	Primary 5	Hausa Language	https://lmis.nerdcportals.com.ng/pry_5/necurrdc/3.pdf
pry_5-03-yoruba-language.pdf	pry_5	Primary 5	Yoruba Language	https://lmis.nerdcportals.com.ng/pry_5/necurrdc/5.pdf
pry_5-04-physical-and-health-education.pdf	pry_5	Primary 5	Physical and Health Education	https://lmis.nerdcportals.com.ng/pry_5/necurrdc/7.pdf
pry_5-05-christian-religious-studies.pdf	pry_5	Primary 5	Christian Religious Studies	https://lmis.nerdcportals.com.ng/pry_5/necurrdc/8.pdf
pry_5-06-islamic-studies.pdf	pry_5	Primary 5	Islamic Studies	https://lmis.nerdcportals.com.ng/pry_5/necurrdc/9.pdf
pry_5-07-nigerian-history.pdf	pry_5	Primary 5	Nigerian History	https://lmis.nerdcportals.com.ng/pry_5/necurrdc/10.pdf
pry_5-08-cultural-and-creative-arts-cca.pdf	pry_5	Primary 5	Cultural and Creative Arts (CCA)	https://lmis.nerdcportals.com.ng/pry_5/necurrdc/12.pdf
pry_5-09-pre-vocational-studies.pdf	pry_5	Primary 5	Pre-vocational Studies	https://lmis.nerdcportals.com.ng/pry_5/necurrdc/15.pdf
sss_1-01-english-language-core-and-compulsory.pdf	sss_1	SSS 1	English Language (Core and Compulsory)	https://lmis.nerdcportals.com.ng/sss_1/necurrdc/1.pdf
sss_1-02-general-mathematics-core-and-compulsory.pdf	sss_1	SSS 1	General Mathematics (Core and Compulsory)	https://lmis.nerdcportals.com.ng/sss_1/necurrdc/2.pdf
sss_1-03-citizenship-and-heritage-studies-core-and-compulsory.pdf	sss_1	SSS 1	Citizenship and Heritage Studies (Core and Compulsory)	https://lmis.nerdcportals.com.ng/sss_1/necurrdc/3.pdf
sss_1-04-digital-technologies-core-and-compulsory.pdf	sss_1	SSS 1	Digital Technologies (Core and Compulsory)	https://lmis.nerdcportals.com.ng/sss_1/necurrdc/4.pdf
sss_1-05-biology-science.pdf	sss_1	SSS 1	Biology (Science)	https://lmis.nerdcportals.com.ng/sss_1/necurrdc/6.pdf
sss_1-06-chemistry-science.pdf	sss_1	SSS 1	Chemistry (Science)	https://lmis.nerdcportals.com.ng/sss_1/necurrdc/7.pdf
sss_1-07-physics-science.pdf	sss_1	SSS 1	Physics (Science)	https://lmis.nerdcportals.com.ng/sss_1/necurrdc/8.pdf
sss_1-08-agriculture-science-science.pdf	sss_1	SSS 1	Agriculture Science (Science)	https://lmis.nerdcportals.com.ng/sss_1/necurrdc/9.pdf
sss_1-09-food-nutrition-science.pdf	sss_1	SSS 1	Food & Nutrition (Science)	https://lmis.nerdcportals.com.ng/sss_1/necurrdc/12.pdf
sss_1-10-geography-science.pdf	sss_1	SSS 1	Geography (Science)	https://lmis.nerdcportals.com.ng/sss_1/necurrdc/13.pdf
sss_1-11-nigerian-history-humanities.pdf	sss_1	SSS 1	Nigerian History (Humanities)	https://lmis.nerdcportals.com.ng/sss_1/necurrdc/15.pdf
sss_1-12-government-humanities.pdf	sss_1	SSS 1	Government (Humanities)	https://lmis.nerdcportals.com.ng/sss_1/necurrdc/16.pdf
sss_1-13-christian-religious-studies-humanities.pdf	sss_1	SSS 1	Christian Religious Studies (Humanities)	https://lmis.nerdcportals.com.ng/sss_1/necurrdc/17.pdf
sss_1-14-islamic-studies-humanities.pdf	sss_1	SSS 1	Islamic Studies (Humanities)	https://lmis.nerdcportals.com.ng/sss_1/necurrdc/18.pdf
sss_1-15-visual-arts-humanities.pdf	sss_1	SSS 1	Visual Arts (Humanities)	https://lmis.nerdcportals.com.ng/sss_1/necurrdc/24.pdf
sss_1-16-literature-in-english-humanities.pdf	sss_1	SSS 1	Literature-in-English (Humanities)	https://lmis.nerdcportals.com.ng/sss_1/necurrdc/26.pdf
sss_1-17-home-management-humanities.pdf	sss_1	SSS 1	Home Management (Humanities)	https://lmis.nerdcportals.com.ng/sss_1/necurrdc/27.pdf
sss_1-18-catering-craft-humanities.pdf	sss_1	SSS 1	Catering Craft (Humanities)	https://lmis.nerdcportals.com.ng/sss_1/necurrdc/28.pdf
sss_1-19-financial-accounting-business.pdf	sss_1	SSS 1	Financial Accounting (Business)	https://lmis.nerdcportals.com.ng/sss_1/necurrdc/29.pdf
sss_1-20-commerce-business.pdf	sss_1	SSS 1	Commerce (Business)	https://lmis.nerdcportals.com.ng/sss_1/necurrdc/30.pdf
sss_1-21-marketing-business.pdf	sss_1	SSS 1	Marketing (Business)	https://lmis.nerdcportals.com.ng/sss_1/necurrdc/31.pdf
sss_1-22-economics-business.pdf	sss_1	SSS 1	Economics (Business)	https://lmis.nerdcportals.com.ng/sss_1/necurrdc/32.pdf
sss_1-23-solar-photovoltaic-installation-and-maintenance-trades.pdf	sss_1	SSS 1	Solar Photovoltaic Installation and Maintenance (Trades)	https://lmis.nerdcportals.com.ng/s1_trades/necurrdc/1.pdf
sss_1-24-fashion-design-and-garment-making-trades.pdf	sss_1	SSS 1	Fashion Design and Garment Making (Trades)	https://lmis.nerdcportals.com.ng/s1_trades/necurrdc/2.pdf
sss_1-25-livestock-farming-trades.pdf	sss_1	SSS 1	Livestock Farming (Trades)	https://lmis.nerdcportals.com.ng/s1_trades/necurrdc/3.pdf
sss_1-26-beauty-and-cosmetology-trades.pdf	sss_1	SSS 1	Beauty and Cosmetology (Trades)	https://lmis.nerdcportals.com.ng/s1_trades/necurrdc/4.pdf
sss_1-27-computer-hardware-and-gsm-repairs-trades.pdf	sss_1	SSS 1	Computer Hardware and GSM Repairs (Trades)	https://lmis.nerdcportals.com.ng/s1_trades/necurrdc/5.pdf
sss_1-28-crop-production-and-horticulture-trades.pdf	sss_1	SSS 1	Crop Production and Horticulture (Trades)	https://lmis.nerdcportals.com.ng/s1_trades/necurrdc/6.pdf
sss_2-01-english-language-core-and-compulsory.pdf	sss_2	SSS 2	English Language (Core and Compulsory)	https://lmis.nerdcportals.com.ng/sss_2/necurrdc/1.pdf
sss_2-02-general-mathematics-core-and-compulsory.pdf	sss_2	SSS 2	General Mathematics (Core and Compulsory)	https://lmis.nerdcportals.com.ng/sss_2/necurrdc/2.pdf
sss_2-03-digital-technologies-core-and-compulsory.pdf	sss_2	SSS 2	Digital Technologies (Core and Compulsory)	https://lmis.nerdcportals.com.ng/sss_2/necurrdc/4.pdf
sss_2-04-chemistry-science.pdf	sss_2	SSS 2	Chemistry (Science)	https://lmis.nerdcportals.com.ng/sss_2/necurrdc/7.pdf
sss_2-05-health-education-science.pdf	sss_2	SSS 2	Health Education (Science)	https://lmis.nerdcportals.com.ng/sss_2/necurrdc/11.pdf
sss_2-06-food-nutrition-science.pdf	sss_2	SSS 2	Food & Nutrition (Science)	https://lmis.nerdcportals.com.ng/sss_2/necurrdc/12.pdf
sss_2-07-geography-science.pdf	sss_2	SSS 2	Geography (Science)	https://lmis.nerdcportals.com.ng/sss_2/necurrdc/13.pdf
sss_2-08-technical-drawing-science.pdf	sss_2	SSS 2	Technical Drawing (Science)	https://lmis.nerdcportals.com.ng/sss_2/necurrdc/14.pdf
sss_2-09-government-humanities.pdf	sss_2	SSS 2	Government (Humanities)	https://lmis.nerdcportals.com.ng/sss_2/necurrdc/16.pdf
sss_2-10-christian-religious-studies-humanities.pdf	sss_2	SSS 2	Christian Religious Studies (Humanities)	https://lmis.nerdcportals.com.ng/sss_2/necurrdc/17.pdf
sss_2-11-islamic-studies-humanities.pdf	sss_2	SSS 2	Islamic Studies (Humanities)	https://lmis.nerdcportals.com.ng/sss_2/necurrdc/18.pdf
sss_2-12-visual-arts-humanities.pdf	sss_2	SSS 2	Visual Arts (Humanities)	https://lmis.nerdcportals.com.ng/sss_2/necurrdc/24.pdf
sss_2-13-literature-in-english-humanities.pdf	sss_2	SSS 2	Literature-in-English (Humanities)	https://lmis.nerdcportals.com.ng/sss_2/necurrdc/26.pdf
sss_2-14-catering-craft-humanities.pdf	sss_2	SSS 2	Catering Craft (Humanities)	https://lmis.nerdcportals.com.ng/sss_2/necurrdc/28.pdf
sss_2-15-financial-accounting-business.pdf	sss_2	SSS 2	Financial Accounting (Business)	https://lmis.nerdcportals.com.ng/sss_2/necurrdc/29.pdf
sss_2-16-commerce-business.pdf	sss_2	SSS 2	Commerce (Business)	https://lmis.nerdcportals.com.ng/sss_2/necurrdc/30.pdf
sss_2-17-marketing-business.pdf	sss_2	SSS 2	Marketing (Business)	https://lmis.nerdcportals.com.ng/sss_2/necurrdc/31.pdf
sss_2-18-economics-business.pdf	sss_2	SSS 2	Economics (Business)	https://lmis.nerdcportals.com.ng/sss_2/necurrdc/32.pdf
sss_2-19-solar-photovoltaic-installation-and-maintenance-trades.pdf	sss_2	SSS 2	Solar Photovoltaic Installation and Maintenance (Trades)	https://lmis.nerdcportals.com.ng/s2_trades/necurrdc/1.pdf
sss_2-20-crop-production-and-horticulture-trades.pdf	sss_2	SSS 2	Crop Production and Horticulture (Trades)	https://lmis.nerdcportals.com.ng/s2_trades/necurrdc/6.pdf
